,Business Application,Tech Infrastructure
Control Group,70.86247086247086,29.13752913752914
COSS,8.333333333333332,91.66666666666666
