,Seed_repo_stars,SeriesA_repo_stars,SeriesB_repo_stars
count,261.0,243.0,147.0
mean,3067.785440613027,4636.316872427984,6159.503401360545
std,6715.2676325567345,8608.902105206458,10331.316767760549
min,1.0,1.0,1.0
25%,41.0,62.5,132.0
50%,582.0,852.0,1337.0
75%,2330.0,5097.0,7795.0
max,57160.0,65500.0,52427.0
