,Business Application,Tech Infrastructure
Control Group,76.14042180446062,23.859578195539385
COSS,22.093023255813954,77.90697674418605
